{
    "accuracy": 0.6899500837357527,
    "roc_auc": 0.747008093764135,
    "precision_default_class": 0.16115702479338842,
    "recall_default_class": 0.6755287009063444,
    "f1_default_class": 0.2602319897583117,
    "confusion_matrix": [
        [
            39080,
            17458
        ],
        [
            1611,
            3354
        ]
    ],
    "classification_report": {
        "0": {
            "precision": 0.960408935636873,
            "recall": 0.6912165269376349,
            "f1-score": 0.8038753869730224,
            "support": 56538.0
        },
        "1": {
            "precision": 0.16115702479338842,
            "recall": 0.6755287009063444,
            "f1-score": 0.2602319897583117,
            "support": 4965.0
        },
        "accuracy": 0.6899500837357527,
        "macro avg": {
            "precision": 0.5607829802151307,
            "recall": 0.6833726139219897,
            "f1-score": 0.532053688365667,
            "support": 61503.0
        },
        "weighted avg": {
            "precision": 0.8958871117040909,
            "recall": 0.6899500837357527,
            "f1-score": 0.7599882681792882,
            "support": 61503.0
        }
    }
}