attribute,group,n,roc_auc,average_precision,false_positive_rate,false_negative_rate,predicted_default_rate,actual_default_rate,false_positives,false_negatives,true_positives,true_negatives,equalized_odds_gap,optimal_threshold,no_gender_auc,auc_degradation_without_gender
CODE_GENDER,F,40561,0.7634345875849745,0.2305904227475844,0.08893306825712392,0.6244710860366713,0.10897167229604793,0.06991938068588052,3355,1771,1065,34370,0.23709119742851353,0.66,0.7697352762984102,0.0017373052878516537
CODE_GENDER,M,20940,0.7734183043864759,0.2994009969697097,0.1670299292966881,0.46547674964772195,0.2043935052531041,0.10167144221585482,3142,991,1138,15669,0.23709119742851353,0.66,0.7697352762984102,0.0017373052878516537
NAME_EDUCATION_TYPE,Academic degree,40,0.8205128205128205,0.125,0.02564102564102564,1.0,0.025,0.025,1,1,0,38,0.6106536534111549,0.66,0.7697352762984102,0.0017373052878516537
NAME_EDUCATION_TYPE,Higher education,15061,0.7713631005698378,0.1858707838263648,0.05322874352150161,0.722860791826309,0.06486953057565899,0.05198857977557931,760,566,217,13518,0.6106536534111549,0.66,0.7697352762984102,0.0017373052878516537
NAME_EDUCATION_TYPE,Incomplete higher,1988,0.7575060789586283,0.2202774691459769,0.12834516657564174,0.554140127388535,0.153420523138833,0.0789738430583501,235,87,70,1596,0.6106536534111549,0.66,0.7697352762984102,0.0017373052878516537
NAME_EDUCATION_TYPE,Lower secondary,791,0.7368502528466753,0.29184730543411813,0.15937940761636107,0.5609756097560976,0.18836915297092288,0.10366624525916561,113,46,36,596,0.6106536534111549,0.66,0.7697352762984102,0.0017373052878516537
NAME_EDUCATION_TYPE,Secondary / secondary special,43623,0.76513033271901,0.2757855630759427,0.1358080693530909,0.5230847285641806,0.16663228113609793,0.09036517433463999,5389,2062,1880,34292,0.6106536534111549,0.66,0.7697352762984102,0.0017373052878516537
