{
    "model_name": "logistic_regression_baseline",
    "roc_auc": 0.747008093764135,
    "default_threshold_metrics": {
        "threshold": 0.5,
        "accuracy": 0.6899500837357527,
        "precision_default_class": 0.16115702479338842,
        "recall_default_class": 0.6755287009063444,
        "f1_default_class": 0.2602319897583117,
        "true_negatives": 39080,
        "false_positives": 17458,
        "false_negatives": 1611,
        "true_positives": 3354,
        "predicted_default_count": 20812
    },
    "classification_report_threshold_0_50": {
        "0": {
            "precision": 0.960408935636873,
            "recall": 0.6912165269376349,
            "f1-score": 0.8038753869730224,
            "support": 56538.0
        },
        "1": {
            "precision": 0.16115702479338842,
            "recall": 0.6755287009063444,
            "f1-score": 0.2602319897583117,
            "support": 4965.0
        },
        "accuracy": 0.6899500837357527,
        "macro avg": {
            "precision": 0.5607829802151307,
            "recall": 0.6833726139219897,
            "f1-score": 0.532053688365667,
            "support": 61503.0
        },
        "weighted avg": {
            "precision": 0.8958871117040909,
            "recall": 0.6899500837357527,
            "f1-score": 0.7599882681792882,
            "support": 61503.0
        }
    }
}