Model,AUC-ROC,Average Precision,Tuned CV AUC,F1-Default,Precision-Default,Recall-Default,Optimal Threshold,FP at Optimal,FN at Optimal
Logistic Regression,0.750669504886464,0.2333075225235634,,0.26226569502357666,0.1625918051797449,0.6777442094662638,0.65,7384,2782
XGBoost,0.7680001832488532,0.2575240768173209,0.7618163813330291,0.28769293441361515,0.18554413825315275,0.6400805639476335,0.68,4897,3086
LightGBM,0.7714725815862619,0.26082343347615466,0.7655223819431071,0.27949420960019644,0.17538003286770748,0.6878147029204431,0.66,6498,2762
