threshold,accuracy,precision_default_class,recall_default_class,f1_default_class,true_negatives,false_positives,false_negatives,true_positives,predicted_default_count
0.2,0.21215225273563892,0.09081329268751646,0.9720040281973816,0.1661073536751166,8222,48316,139,4826,53142
0.3,0.3837048599255321,0.10752329433071992,0.908761329305136,0.1922945789294238,19087,37451,453,4512,41963
0.4,0.5532900834105653,0.1312297257446181,0.8066465256797583,0.22573554277984445,30024,26514,960,4005,30519
0.5,0.6899500837357527,0.16115702479338842,0.6755287009063444,0.2602319897583117,39080,17458,1611,3354,20812
0.6,0.7945466074825618,0.19868017911854818,0.5093655589123867,0.28585961342828076,46338,10200,2436,2529,12729
0.7,0.8662504268084483,0.2554372281385931,0.34300100704934544,0.2928129298486933,51574,4964,3262,1703,6667
0.8,0.9062647350535746,0.3402555910543131,0.1716012084592145,0.22814299102958896,54886,1652,4113,852,2504
