threshold,accuracy,precision_default_class,recall_default_class,f1_default_class,true_negatives,false_positives,false_negatives,true_positives,predicted_default_count
0.2,0.23527307611010845,0.09312132466728568,0.9695871097683787,0.16992287464040523,9656,46882,151,4814,51696
0.3,0.41689023299676436,0.1127487842783376,0.9059415911379658,0.20053946811119286,21142,35396,467,4498,39894
0.4,0.5815000894265321,0.13918994025288314,0.8070493454179255,0.23743074689657215,31757,24781,958,4007,28788
0.5,0.7052013722907826,0.16889648928679207,0.6763343403826787,0.27029420050710345,40014,16524,1607,3358,19882
0.6,0.8016356925678422,0.21002004008016031,0.527693856998993,0.30045871559633025,46683,9855,2345,2620,12475
0.7,0.8707542721493261,0.27088452088452086,0.3552870090634441,0.3073974035026575,51790,4748,3201,1764,6512
0.8,0.9103458367884494,0.37321016166281756,0.16273917421953676,0.22664796633941095,55181,1357,4157,808,2165
