{
    "model_name": "xgboost_credit_risk_model",
    "roc_auc": 0.7680001832488532,
    "average_precision": 0.2575240768173209,
    "cv_auc_mean": 0.7618163813330291,
    "cv_auc_std": 0.0008290845556414752,
    "cv_ap_mean": 0.24668855042503357,
    "cv_ap_std": 0.0043078636855756755,
    "default_threshold_metrics": {
        "threshold": 0.5,
        "accuracy": 0.7441263027819781,
        "roc_auc": 0.7680001832488532,
        "average_precision": 0.2575240768173209,
        "precision_default_class": 0.18554413825315275,
        "recall_default_class": 0.6400805639476335,
        "f1_default_class": 0.28769293441361515,
        "true_negatives": 42588,
        "false_positives": 13950,
        "false_negatives": 1787,
        "true_positives": 3178,
        "predicted_default_count": 17128
    },
    "classification_report_threshold_0_50": {
        "0": {
            "precision": 0.9597295774647887,
            "recall": 0.7532632919452403,
            "f1-score": 0.8440537889072766,
            "support": 56538.0
        },
        "1": {
            "precision": 0.18554413825315275,
            "recall": 0.6400805639476335,
            "f1-score": 0.28769293441361515,
            "support": 4965.0
        },
        "accuracy": 0.7441263027819781,
        "macro avg": {
            "precision": 0.5726368578589707,
            "recall": 0.6966719279464368,
            "f1-score": 0.5658733616604459,
            "support": 61503.0
        },
        "weighted avg": {
            "precision": 0.8972313138730001,
            "recall": 0.7441263027819781,
            "f1-score": 0.7991400181552641,
            "support": 61503.0
        }
    }
}